GarageCars,GarageArea,GarageQual,GarageCond,PavedDrive,MoSold,YrSold,SaleType,SaleCondition,SalePrice
2,548,TA,TA,Y,2,2008,WD,Normal,208500
2,460,TA,TA,Y,5,2007,WD,Normal,181500
2,608,TA,TA,Y,9,2008,WD,Normal,223500
3,642,TA,TA,Y,2,2006,WD,Abnorml,140000
3,836,TA,TA,Y,12,2008,WD,Normal,250000
2,480,TA,TA,Y,10,2009,WD,Normal,143000
2,636,TA,TA,Y,8,2007,WD,Normal,307000
2,484,TA,TA,Y,11,2009,WD,Normal,200000
2,468,Fa,TA,Y,4,2008,WD,Abnorml,129900
1,205,Gd,TA,Y,1,2008,WD,Normal,118000
1,384,TA,TA,Y,2,2008,WD,Normal,129500
3,736,TA,TA,Y,7,2006,New,Partial,345000
1,352,TA,TA,Y,9,2008,WD,Normal,144000
3,840,TA,TA,Y,8,2007,New,Partial,279500
1,352,TA,TA,Y,5,2008,WD,Normal,157000
2,576,TA,TA,Y,7,2007,WD,Normal,132000
2,480,TA,TA,Y,3,2010,WD,Normal,149000
2,576,TA,TA,Y,6,2008,WD,Normal,159000
1,294,TA,TA,Y,5,2009,COD,Abnorml,139000
3,853,TA,TA,Y,11,2006,New,Partial,325300
1,280,TA,TA,N,6,2007,WD,Normal,139400
2,534,TA,TA,Y,9,2008,WD,Normal,230000
2,572,TA,TA,Y,6,2007,WD,Normal,129900
1,270,TA,TA,Y,5,2010,WD,Normal,154000
3,890,TA,TA,Y,7,2009,WD,Normal,256300
2,576,TA,TA,Y,5,2010,WD,Normal,134800
3,772,TA,TA,Y,5,2010,WD,Normal,306000
1,319,TA,TA,Y,12,2006,WD,Normal,207500
1,240,Fa,TA,Y,5,2008,WD,Normal,68500
1,250,TA,Fa,N,7,2008,WD,Normal,40000
1,271,TA,TA,Y,6,2008,WD,Normal,149350
2,484,TA,TA,Y,1,2008,WD,Normal,179900
2,447,TA,TA,Y,4,2010,WD,Normal,165500
2,556,TA,TA,Y,8,2007,WD,Normal,277500
3,691,TA,TA,Y,9,2006,WD,Normal,309000
2,672,TA,TA,Y,6,2009,WD,Normal,145000
2,498,TA,TA,Y,10,2009,WD,Normal,153000
1,246,TA,TA,Y,1,2010,WD,Abnorml,109000
2,440,TA,TA,Y,12,2006,WD,Abnorml,160000
1,308,TA,TA,P,7,2007,WD,Normal,170000
2,504,TA,Gd,Y,12,2007,WD,Normal,144000
1,308,TA,TA,Y,7,2008,WD,Normal,130250
1,300,TA,TA,Y,5,2006,WD,Normal,141000
2,576,TA,TA,Y,2,2010,WD,Normal,319900
2,670,TA,TA,Y,8,2009,WD,Abnorml,239686
3,826,TA,TA,Y,7,2007,WD,Normal,249700
1,386,TA,TA,Y,1,2007,WD,Normal,127000
2,388,TA,TA,Y,7,2007,WD,Normal,177000
2,528,TA,TA,Y,9,2006,WD,Normal,114500
2,516,TA,TA,Y,5,2010,WD,Normal,110000
3,894,TA,TA,Y,11,2006,WD,Normal,385000
2,572,TA,TA,Y,2,2007,WD,Normal,130000
2,576,TA,TA,Y,7,2008,WD,Normal,180500
2,480,TA,TA,Y,8,2009,WD,Abnorml,172500
2,565,TA,TA,Y,8,2006,WD,Normal,196500
3,641,TA,TA,Y,10,2006,New,Partial,438780
1,352,TA,TA,Y,1,2008,WD,Normal,124900
2,576,TA,TA,Y,5,2006,New,Partial,158000
1,288,TA,TA,N,3,2007,WD,Normal,101000
2,484,TA,TA,Y,10,2007,WD,Normal,202500
2,480,TA,TA,Y,4,2010,WD,Normal,140000
2,645,TA,TA,Y,2,2009,WD,Normal,219500
3,852,TA,TA,Y,10,2007,WD,Normal,317000
2,576,TA,TA,Y,7,2010,WD,Normal,180000
2,558,TA,TA,Y,6,2007,WD,Normal,226000
1,220,TA,TA,Y,6,2010,WD,Normal,80000
2,667,TA,TA,Y,7,2006,WD,Normal,225000
2,516,TA,TA,Y,2,2007,WD,Normal,244000
2,360,TA,TA,Y,6,2007,WD,Normal,129500
2,427,TA,TA,Y,12,2009,WD,Normal,185000
2,490,TA,TA,Y,5,2010,WD,Normal,144900
1,379,TA,TA,Y,5,2010,WD,Normal,107400
1,297,TA,TA,Y,11,2009,WD,Normal,91000
1,283,TA,TA,Y,4,2008,WD,Normal,135750
1,240,TA,TA,Y,1,2008,WD,Normal,127000
2,440,TA,TA,Y,5,2009,WD,Normal,110000
1,509,TA,TA,Y,6,2009,WD,Normal,193500
2,405,TA,TA,Y,3,2006,WD,Normal,153500
3,758,TA,TA,Y,10,2008,WD,Normal,245000
2,461,TA,TA,Y,7,2007,COD,Normal,126500
2,400,TA,TA,Y,5,2009,WD,Normal,168500
2,462,TA,TA,Y,4,2006,WD,Normal,260000
2,400,TA,TA,Y,3,2009,WD,Normal,174000
2,528,TA,TA,Y,6,2009,New,Partial,164500
2,480,TA,TA,Y,12,2006,WD,Abnorml,98600
2,432,TA,TA,Y,8,2009,WD,Normal,163500
2,506,TA,TA,Y,11,2007,WD,Normal,133900
2,684,TA,TA,Y,5,2007,WD,Normal,204750
2,420,TA,TA,Y,4,2009,WD,Normal,185000
2,472,TA,TA,Y,8,2006,WD,Normal,214000
1,432,TA,TA,P,5,2007,WD,Normal,94750
1,366,Fa,TA,Y,5,2010,COD,Abnorml,83000
2,480,TA,TA,Y,2,2010,WD,Normal,205000
2,476,TA,TA,Y,6,2010,WD,Normal,178000
3,740,TA,TA,Y,5,2010,WD,Normal,198900
1,240,TA,TA,Y,6,2007,WD,Normal,169500
2,648,TA,TA,Y,8,2008,WD,Normal,250000
1,273,Fa,Fa,N,8,2007,WD,Normal,100000
1,250,TA,TA,Y,4,2008,WD,Partial,115000
2,546,TA,TA,Y,1,2010,COD,Normal,190000
1,325,TA,TA,Y,10,2006,WD,Normal,136900
2,400,TA,TA,Y,4,2010,WD,Normal,180000
3,792,TA,TA,Y,10,2007,New,Partial,383970
2,450,TA,TA,Y,10,2007,COD,Abnorml,217000
1,180,TA,TA,Y,7,2007,WD,Normal,259500
2,440,TA,TA,Y,6,2007,WD,Normal,176000
1,288,TA,TA,Y,9,2009,WD,Normal,139000
2,430,TA,TA,Y,4,2007,New,Partial,155000
3,594,TA,TA,Y,5,2010,WD,Normal,320000
2,390,TA,TA,Y,7,2006,New,Partial,163990
2,540,TA,TA,Y,10,2006,WD,Normal,180000
1,264,TA,TA,P,6,2007,WD,Normal,100000
1,288,TA,TA,Y,6,2008,WD,Normal,136000
2,530,TA,TA,Y,3,2008,WD,Normal,153900
2,435,TA,TA,Y,1,2009,WD,Normal,181000
2,440,TA,TA,Y,2,2007,WD,Normal,128000
2,453,TA,TA,Y,7,2006,WD,Normal,155000
2,750,TA,TA,Y,7,2006,WD,Abnorml,150000
2,487,TA,TA,Y,5,2006,WD,Normal,226000
2,390,TA,TA,Y,7,2009,WD,Normal,244000
2,624,TA,TA,Y,7,2007,WD,Normal,150750
2,471,TA,TA,Y,6,2009,WD,Normal,220000
2,440,TA,TA,Y,7,2006,WD,Normal,180000
2,530,TA,TA,Y,5,2008,WD,Normal,174000
1,318,TA,TA,Y,7,2007,WD,Normal,143000
3,766,TA,TA,Y,7,2006,WD,Family,171000
3,660,TA,TA,Y,12,2008,WD,Normal,230000
2,470,TA,TA,Y,8,2009,WD,Normal,231500
2,660,TA,TA,Y,1,2006,WD,Normal,260000
2,720,TA,TA,Y,6,2010,WD,Normal,166000
2,577,TA,TA,Y,6,2009,WD,Normal,204000
2,504,TA,TA,Y,11,2006,ConLI,Abnorml,125000
2,380,TA,TA,Y,4,2006,WD,Normal,130000
1,180,Fa,TA,Y,11,2009,WD,Normal,105000
2,434,TA,TA,Y,5,2010,WD,Normal,222500
1,240,Fa,TA,Y,4,2006,WD,Normal,115000
2,440,TA,TA,Y,1,2007,WD,Normal,122000
3,866,TA,TA,Y,1,2008,New,Partial,372402
2,495,TA,TA,Y,6,2006,WD,Normal,190000
2,564,TA,TA,Y,3,2008,WD,Normal,235000
1,312,Fa,Fa,Y,3,2006,WD,Family,125000
3,680,TA,TA,Y,5,2010,New,Partial,269500
2,678,TA,TA,Y,5,2010,WD,Normal,254900
2,576,TA,TA,Y,3,2006,New,Partial,320000
2,516,TA,TA,Y,6,2008,WD,Normal,162500
3,726,TA,TA,Y,3,2008,WD,Normal,412500
2,532,TA,TA,Y,5,2010,New,Partial,220000
1,216,TA,TA,Y,10,2007,WD,Normal,152000
1,303,TA,TA,Y,11,2009,COD,Normal,190000
3,789,TA,TA,Y,11,2007,New,Partial,325624
2,440,TA,TA,Y,5,2007,WD,Normal,183500
2,511,TA,TA,Y,1,2006,WD,Normal,228000
2,660,TA,TA,Y,5,2007,WD,Normal,128500
2,528,TA,TA,P,5,2010,WD,Normal,215000
2,504,Gd,TA,Y,6,2006,WD,Normal,239000
2,504,TA,TA,Y,6,2008,COD,Normal,163000
2,616,TA,TA,Y,11,2008,WD,Normal,184000
2,576,TA,TA,Y,6,2007,WD,Normal,243000
2,521,TA,TA,Y,9,2007,WD,Normal,211000
2,451,TA,TA,Y,7,2006,WD,Normal,172500
3,1166,TA,TA,Y,7,2009,New,Partial,501837
2,480,Fa,TA,N,7,2007,WD,Normal,100000
2,440,TA,TA,Y,6,2007,WD,Normal,177000
1,216,Fa,TA,Y,7,2006,WD,Normal,200100
2,484,TA,TA,N,6,2008,WD,Normal,200000
2,576,TA,TA,Y,6,2006,WD,Normal,127000
3,840,Ex,TA,Y,6,2006,WD,Normal,475000
2,497,TA,TA,Y,6,2009,WD,Normal,173000
1,180,Fa,Fa,N,8,2009,WD,Normal,135000
2,528,TA,TA,Y,6,2009,WD,Alloca,153337
2,682,TA,TA,Y,8,2008,WD,Normal,286000
2,440,TA,TA,Y,12,2007,WD,Normal,315000
2,484,TA,TA,Y,6,2007,WD,Normal,184000
2,666,TA,TA,Y,9,2009,WD,Normal,192000
2,380,TA,TA,Y,5,2006,WD,Normal,130000
1,352,TA,TA,Y,5,2008,WD,Normal,127000
2,440,TA,TA,Y,7,2009,WD,Normal,148500
3,786,TA,TA,Y,9,2007,New,Partial,311872
2,795,TA,TA,Y,3,2006,WD,Abnorml,235000
3,856,TA,TA,Y,1,2009,WD,Normal,274900
2,440,TA,TA,Y,3,2010,WD,Normal,140000
2,473,TA,TA,Y,2,2008,WD,Normal,171500
1,398,TA,TA,Y,5,2006,COD,Normal,112000
2,420,TA,TA,Y,1,2008,WD,Normal,149000
1,240,TA,TA,Y,4,2009,WD,Normal,110000
2,500,TA,TA,Y,5,2009,WD,Normal,180500
1,349,TA,TA,Y,3,2007,WD,Normal,143900
1,312,TA,TA,Y,4,2008,WD,Normal,141000
2,454,TA,TA,Y,4,2007,WD,Normal,277000
2,504,TA,Gd,Y,7,2008,WD,Normal,145000
2,460,TA,TA,Y,3,2010,WD,Normal,186000
2,644,TA,TA,Y,7,2009,New,Partial,252678
2,576,TA,TA,Y,7,2006,WD,Normal,156000
1,299,TA,TA,Y,3,2010,WD,Normal,161750
1,447,TA,TA,Y,5,2006,WD,Normal,134450
2,484,TA,TA,Y,4,2008,WD,Normal,210000
1,210,TA,TA,Y,9,2006,WD,Family,107000
2,431,TA,TA,Y,5,2008,WD,Normal,311500
2,438,TA,TA,Y,3,2006,New,Partial,167240
2,675,TA,TA,Y,4,2006,New,Partial,204900
2,390,TA,TA,Y,12,2009,ConLI,Normal,200000
2,434,TA,TA,Y,2,2006,WD,Normal,179900
2,576,TA,TA,Y,3,2009,WD,Abnorml,97000
3,968,TA,TA,Y,6,2009,WD,Normal,386250
1,280,TA,TA,Y,5,2009,COD,Abnorml,112000
3,721,TA,TA,Y,6,2007,WD,Abnorml,290000
1,280,TA,TA,Y,9,2008,WD,Normal,106000
1,336,TA,TA,Y,5,2010,WD,Normal,125000
2,430,TA,TA,Y,5,2009,WD,Normal,192500
1,312,TA,TA,Y,4,2010,WD,Normal,148000
3,810,TA,TA,Y,7,2009,WD,Normal,403000
1,288,TA,TA,Y,6,2006,WD,Normal,94500
1,308,TA,TA,Y,2,2010,WD,Normal,128200
1,264,TA,TA,Y,8,2008,WD,Normal,89500
2,494,TA,TA,Y,5,2010,WD,Normal,185500
2,457,TA,TA,Y,2,2010,WD,Normal,194500
3,818,TA,TA,Y,12,2007,New,Partial,318000
1,220,TA,TA,Y,4,2010,WD,Normal,113000
2,750,TA,TA,Y,4,2010,WD,Normal,262500
1,352,Fa,TA,Y,4,2006,WD,Normal,79000
1,288,TA,TA,Y,4,2009,WD,Normal,120000
2,463,TA,TA,Y,5,2010,WD,Normal,205000
2,604,TA,TA,Y,6,2006,WD,Normal,241500
1,440,Po,Po,Y,4,2006,WD,Normal,137000
2,451,TA,TA,Y,6,2006,WD,Normal,140000
2,500,TA,TA,Y,9,2007,WD,Normal,180000
2,389,TA,TA,Y,6,2007,WD,Normal,277000
2,538,TA,TA,Y,12,2007,WD,Family,235000
2,520,TA,TA,Y,12,2008,WD,Normal,173000
1,309,TA,TA,Y,10,2007,CWD,Normal,158000
1,294,TA,TA,Y,6,2010,WD,Normal,145000
2,429,TA,TA,Y,2,2006,WD,Normal,230000
2,673,TA,TA,Y,5,2008,WD,Normal,207500
2,660,TA,TA,Y,3,2009,WD,Abnorml,220000
2,564,TA,TA,Y,5,2008,WD,Normal,231500
2,884,TA,TA,Y,5,2009,WD,Normal,176000
3,868,TA,TA,Y,11,2007,New,Partial,276000
2,492,TA,TA,Y,7,2006,WD,Normal,151000
2,484,TA,TA,Y,4,2010,WD,Normal,130000
2,504,TA,TA,N,6,2008,WD,Normal,73000
2,576,TA,TA,Y,6,2008,WD,Normal,175500
2,413,TA,TA,Y,6,2006,WD,Normal,185000
1,240,TA,TA,Y,7,2008,WD,Normal,179500
1,924,Ex,Ex,Y,2,2008,WD,Normal,120500
1,504,TA,Gd,Y,5,2007,WD,Normal,148000
3,1053,TA,TA,Y,8,2006,New,Partial,266000
2,439,TA,TA,Y,4,2008,WD,Normal,241500
3,671,TA,TA,Y,4,2010,WD,Normal,290000
1,338,TA,TA,Y,4,2009,WD,Normal,139000
1,264,TA,TA,Y,6,2007,WD,Normal,124500
2,672,TA,TA,Y,10,2009,WD,Normal,205000
2,573,TA,TA,Y,4,2010,WD,Normal,201000
2,400,TA,TA,Y,6,2010,WD,Normal,141000
3,732,TA,TA,Y,5,2007,New,Partial,415298
2,505,TA,TA,Y,3,2008,WD,Normal,192000
2,575,TA,TA,Y,1,2007,WD,Normal,228500
2,572,TA,TA,Y,5,2006,New,Partial,185000
2,626,TA,TA,Y,4,2009,ConLw,Normal,207500
3,898,TA,TA,Y,12,2009,New,Partial,244600
2,529,TA,TA,Y,7,2007,WD,Normal,179200
2,528,TA,TA,Y,6,2007,New,Partial,164700
2,440,TA,TA,Y,6,2006,WD,Normal,159000
1,280,TA,TA,Y,2,2010,WD,Normal,122000
1,384,TA,TA,Y,7,2007,WD,Normal,153575
2,685,Gd,TA,Y,7,2006,New,Partial,233230
1,281,TA,TA,Y,1,2009,WD,Normal,131000
2,539,TA,TA,Y,3,2006,WD,Normal,235000
2,418,TA,TA,Y,10,2009,WD,Normal,167000
2,588,TA,TA,Y,3,2006,WD,Normal,142500
1,282,TA,TA,Y,6,2007,WD,Normal,152000
2,576,TA,TA,Y,6,2007,WD,Normal,239000
2,539,TA,TA,Y,6,2007,WD,Normal,175000
1,300,TA,TA,Y,8,2009,WD,Family,158500
1,375,TA,TA,Y,6,2006,WD,Normal,157000
2,683,TA,TA,Y,5,2007,WD,Normal,267000
3,843,TA,TA,Y,1,2006,WD,Normal,205000
2,552,TA,TA,Y,7,2006,WD,Abnorml,149900
3,870,TA,TA,Y,5,2008,WD,Normal,295000
3,888,TA,TA,Y,7,2007,WD,Normal,305900
3,746,TA,TA,Y,6,2007,WD,Normal,225000
2,539,TA,TA,Y,3,2009,WD,Normal,82500
3,708,TA,TA,Y,11,2006,WD,Normal,360000
2,420,TA,TA,Y,5,2006,WD,Normal,165600
1,240,TA,TA,Y,5,2009,WD,Normal,132000
2,410,TA,TA,Y,5,2006,WD,Normal,119900
2,513,TA,TA,Y,6,2009,WD,Normal,375000
2,546,Fa,TA,Y,8,2006,WD,Normal,178000
2,432,TA,TA,Y,7,2009,WD,Normal,188500
2,484,TA,TA,Y,8,2009,WD,Normal,260000
3,1025,TA,TA,Y,12,2007,WD,Normal,270000
3,656,TA,TA,Y,4,2009,WD,Normal,260000
2,588,TA,TA,Y,6,2009,WD,Normal,187500
3,840,TA,TA,Y,9,2006,New,Partial,342643
3,872,TA,TA,Y,6,2007,WD,Normal,354000
2,576,TA,TA,Y,8,2007,WD,Normal,301000
1,220,Fa,TA,Y,7,2006,WD,Normal,126175
2,564,TA,TA,Y,6,2010,WD,Normal,242000
2,360,TA,TA,Y,12,2007,WD,Normal,87000
2,473,TA,TA,Y,5,2008,Con,Normal,324000
1,292,TA,TA,Y,4,2006,WD,Normal,145250
2,441,TA,TA,Y,7,2009,WD,Normal,214500
1,189,Fa,Fa,N,7,2009,WD,Normal,78000
1,352,TA,TA,Y,11,2007,WD,Normal,119000
1,308,TA,TA,Y,8,2007,WD,Normal,139000
2,484,TA,TA,Y,7,2008,WD,Normal,207000
2,472,TA,TA,Y,7,2008,WD,Normal,192000
2,529,TA,TA,Y,8,2008,WD,Normal,228950
3,676,TA,TA,Y,7,2007,WD,Normal,377426
2,532,TA,TA,Y,12,2008,WD,Normal,214000
2,440,TA,TA,Y,5,2006,WD,Normal,202500
1,297,TA,TA,Y,6,2009,WD,Normal,155000
2,431,TA,TA,Y,4,2010,WD,Normal,202900
1,294,TA,TA,N,9,2009,WD,Normal,82000
2,564,TA,TA,Y,7,2008,WD,Normal,266000
1,336,TA,TA,Y,4,2010,WD,Normal,85000
1,312,TA,TA,Y,10,2006,WD,Normal,140200
1,301,TA,TA,Y,4,2007,WD,Normal,151500
2,498,TA,TA,Y,12,2009,WD,Normal,157500
2,474,TA,TA,Y,10,2008,WD,Normal,154000
3,706,TA,TA,Y,4,2006,New,Partial,437154
2,617,TA,TA,Y,12,2007,New,Partial,318061
2,445,TA,TA,Y,12,2006,WD,Abnorml,190000
1,200,TA,Fa,Y,3,2008,ConLw,Normal,95000
2,484,TA,TA,Y,5,2010,WD,Normal,105900
1,240,TA,TA,Y,6,2006,WD,Normal,140000
2,521,TA,TA,Y,8,2007,WD,Normal,177500
2,400,TA,TA,Y,7,2009,WD,Normal,173000
2,528,TA,TA,Y,8,2007,WD,Normal,134000
1,288,TA,TA,Y,7,2006,WD,Abnorml,130000
2,592,TA,TA,Y,6,2006,WD,Normal,280000
2,470,TA,TA,Y,6,2007,WD,Normal,156000
1,240,TA,TA,N,7,2008,WD,Normal,145000
1,264,TA,TA,Y,5,2009,WD,Normal,118000
2,566,TA,TA,Y,7,2006,WD,Normal,190000
1,468,TA,Fa,Y,7,2009,WD,Normal,147000
2,514,TA,TA,Y,7,2009,WD,Normal,159000
1,296,TA,TA,Y,12,2008,WD,Normal,165000
1,244,TA,TA,Y,3,2010,WD,Normal,132000
2,576,TA,TA,Y,3,2010,WD,Normal,162000
2,460,TA,TA,Y,1,2006,WD,Normal,172400
1,264,TA,TA,Y,2,2010,WD,Normal,125000
1,270,TA,TA,Y,11,2009,WD,Normal,123000
2,434,TA,TA,Y,7,2007,WD,Normal,219500
2,576,TA,TA,Y,7,2006,WD,Normal,148000
2,610,TA,TA,Y,12,2007,WD,Normal,340000
3,834,TA,TA,Y,6,2010,New,Partial,394432
2,463,TA,TA,Y,6,2009,WD,Normal,179000
1,308,TA,TA,Y,5,2010,WD,Normal,127000
2,572,TA,TA,Y,8,2006,New,Partial,187750
2,639,TA,TA,Y,4,2007,WD,Normal,213500
2,360,Fa,Fa,N,10,2009,WD,Normal,76000
2,501,TA,TA,Y,6,2007,WD,Normal,240000
2,430,TA,TA,Y,4,2010,WD,Normal,192000
1,352,TA,TA,Y,10,2009,WD,Abnorml,125000
2,577,TA,TA,Y,7,2008,WD,Normal,191000
3,846,TA,TA,Y,8,2008,New,Partial,426000
1,384,TA,TA,Y,4,2008,WD,Normal,119000
2,560,TA,TA,Y,6,2009,WD,Normal,215000
1,240,TA,TA,Y,7,2007,WD,Normal,109000
1,596,TA,TA,Y,6,2010,WD,Normal,129000
2,600,TA,TA,Y,9,2009,WD,Normal,123000
1,264,TA,TA,Y,7,2007,WD,Normal,169500
1,338,Po,Po,N,11,2007,WD,Abnorml,67000
2,438,TA,TA,Y,10,2009,WD,Normal,241000
2,500,TA,TA,Y,12,2008,WD,Normal,245500
2,400,TA,TA,Y,7,2006,New,Partial,164990
1,240,TA,TA,N,8,2008,WD,Normal,108000
2,420,TA,TA,Y,7,2006,WD,Abnorml,258000
2,373,TA,TA,Y,5,2007,WD,Normal,168000
2,490,TA,TA,Y,6,2009,WD,Normal,150000
1,240,TA,TA,Y,3,2008,WD,Normal,115000
1,308,TA,TA,Y,3,2008,WD,Normal,177000
3,947,TA,TA,Y,8,2007,New,Partial,280000
3,836,TA,TA,Y,4,2008,New,Partial,339750
1,350,TA,TA,Y,6,2009,COD,Abnorml,60000
2,572,TA,TA,Y,1,2006,WD,Normal,145000
2,484,TA,TA,Y,6,2010,New,Partial,222000
2,360,TA,TA,Y,3,2010,WD,Normal,115000
3,678,TA,TA,Y,12,2008,WD,Normal,228000
2,396,TA,TA,Y,8,2007,New,Partial,181134
2,440,TA,TA,Y,3,2006,WD,Normal,149500
3,864,TA,TA,N,11,2007,WD,Normal,239000
1,240,TA,TA,P,4,2007,WD,AdjLand,126000
1,304,TA,TA,Y,7,2010,WD,Normal,142000
4,784,TA,TA,Y,11,2008,WD,Alloca,206300
2,529,TA,TA,Y,6,2009,WD,Normal,215000
2,520,TA,TA,N,2,2008,WD,Normal,113000
3,696,TA,TA,Y,6,2008,WD,Normal,315000
1,297,TA,TA,Y,5,2008,WD,Normal,139000
1,240,TA,TA,P,9,2009,WD,Normal,135000
2,569,TA,TA,Y,8,2009,WD,Normal,275000
1,352,TA,TA,Y,7,2008,WD,Normal,109008
2,628,TA,TA,Y,9,2007,New,Partial,195400
2,576,TA,TA,Y,3,2009,WD,Normal,175000
1,264,TA,TA,Y,7,2008,COD,Abnorml,85400
2,440,TA,TA,Y,8,2007,WD,Normal,122500
2,470,TA,TA,Y,7,2008,WD,Normal,181000
2,550,TA,TA,Y,4,2009,ConLw,Normal,212000
2,440,TA,TA,Y,10,2006,WD,Normal,116000
1,180,TA,TA,Y,1,2009,WD,Normal,119000
1,352,Gd,TA,P,3,2007,WD,Normal,90350
2,528,TA,TA,Y,8,2009,ConLI,Normal,110000
3,672,TA,TA,Y,4,2009,WD,Normal,555000
2,360,TA,TA,P,6,2008,WD,Normal,162900
3,648,TA,TA,Y,6,2007,New,Partial,172500
2,493,TA,TA,Y,7,2008,WD,Normal,210000
2,480,TA,TA,Y,11,2009,COD,Normal,127500
2,578,TA,TA,Y,6,2010,WD,Normal,190000
2,431,TA,TA,Y,7,2006,WD,Normal,199900
1,198,TA,TA,N,6,2006,WD,Normal,119500
1,308,TA,TA,Y,6,2007,WD,Normal,120000
1,270,Fa,Fa,N,6,2006,WD,Normal,110000
2,576,TA,TA,Y,12,2006,WD,Normal,280000
2,422,TA,TA,Y,7,2007,WD,Normal,204000
2,676,TA,TA,Y,6,2009,WD,Normal,210000
2,560,TA,TA,Y,7,2006,WD,Family,188000
2,528,TA,TA,Y,9,2007,WD,Normal,175500
3,513,Fa,Fa,Y,5,2008,COD,Abnorml,98000
2,529,TA,TA,Y,3,2008,WD,Normal,256000
1,228,TA,TA,Y,6,2008,WD,Normal,161000
1,352,TA,TA,Y,7,2009,WD,Normal,110000
2,552,TA,TA,Y,12,2009,New,Partial,263435
2,576,TA,TA,Y,4,2009,WD,Normal,155000
1,360,TA,TA,Y,12,2009,WD,Normal,62383
1,240,TA,TA,Y,8,2008,WD,Normal,188700
2,398,TA,TA,Y,5,2006,WD,Normal,178740
2,526,TA,TA,Y,4,2007,WD,Normal,167000
1,312,TA,TA,Y,6,2007,WD,Normal,146500
3,866,TA,TA,Y,5,2007,WD,Normal,250000
2,506,TA,TA,Y,6,2008,WD,Normal,187000
2,528,TA,TA,Y,6,2010,WD,Normal,212000
2,534,TA,TA,Y,11,2007,WD,Normal,190000
2,525,TA,TA,Y,6,2008,WD,Normal,148000
3,908,TA,TA,Y,7,2007,New,Partial,440000
2,499,TA,TA,Y,8,2007,WD,Normal,251000
2,624,TA,TA,Y,7,2007,WD,Normal,132500
2,508,TA,TA,Y,4,2008,WD,Normal,208900
3,694,TA,TA,Y,3,2007,WD,Normal,380000
3,826,TA,TA,Y,9,2009,WD,Normal,297000
2,672,TA,TA,Y,3,2007,WD,Alloca,89471
3,772,TA,TA,Y,3,2006,WD,Normal,326000
3,874,TA,TA,Y,8,2006,WD,Normal,374000
1,164,Fa,Fa,Y,6,2009,WD,Normal,155000
2,402,TA,TA,Y,5,2006,WD,Normal,164000
1,264,TA,TA,Y,3,2007,WD,Normal,132500
1,264,TA,TA,Y,7,2009,WD,Normal,147000
2,515,TA,TA,Y,6,2007,WD,Normal,156000
2,487,TA,TA,Y,2,2007,WD,Normal,175000
2,520,TA,Fa,N,5,2006,ConLD,Normal,160000
1,286,TA,TA,Y,5,2009,WD,Normal,86000
1,336,TA,TA,Y,6,2008,WD,Normal,115000
1,240,TA,TA,Y,8,2006,WD,Normal,133000
2,429,TA,TA,Y,5,2006,New,Partial,172785
1,308,TA,TA,Y,6,2008,WD,Normal,155000
1,273,TA,TA,Y,12,2009,WD,Normal,91300
2,546,TA,TA,Y,5,2007,WD,Normal,430000
1,240,TA,TA,N,6,2008,WD,Normal,184000
1,288,TA,TA,Y,6,2009,WD,Normal,130000
1,297,TA,TA,Y,6,2007,WD,Normal,120000
1,264,TA,TA,Y,5,2007,WD,Normal,113000
2,603,TA,TA,Y,2,2008,WD,Normal,226700
2,461,Fa,Fa,Y,4,2007,WD,Normal,140000
2,484,TA,TA,Y,3,2010,WD,Normal,289000
2,440,TA,TA,Y,6,2009,WD,Normal,147000
2,400,TA,TA,N,7,2009,COD,Normal,124500
2,471,TA,TA,Y,9,2006,WD,Normal,215000
2,676,TA,TA,Y,9,2009,New,Partial,208300
2,360,TA,TA,N,10,2008,WD,Normal,161000
1,270,TA,TA,Y,7,2009,WD,Normal,124500
1,288,TA,TA,Y,6,2009,WD,Normal,164900
2,474,TA,TA,Y,3,2006,New,Partial,202665
2,624,TA,TA,Y,7,2006,WD,Normal,129900
2,484,TA,TA,Y,6,2007,WD,Normal,134000
1,200,Po,Po,Y,6,2007,WD,Normal,96500
3,900,TA,TA,Y,9,2009,New,Partial,402861
2,583,TA,TA,Y,8,2009,COD,Abnorml,158000
3,889,TA,TA,Y,7,2009,WD,Normal,265000
2,546,TA,TA,Y,5,2007,WD,Normal,211000
1,282,TA,TA,Y,6,2009,WD,Normal,234000
1,336,TA,TA,Y,5,2007,WD,Normal,150000
2,420,TA,TA,Y,10,2006,WD,Normal,159000
3,884,TA,TA,Y,10,2007,New,Partial,184750
3,834,TA,TA,Y,8,2007,WD,Normal,315750
2,453,TA,TA,Y,4,2006,WD,Normal,176000
1,252,TA,TA,Y,6,2007,WD,Normal,132000
3,858,TA,TA,Y,11,2008,New,Partial,446261
2,600,TA,TA,Y,8,2008,WD,Abnorml,175000
2,502,TA,Fa,Y,6,2008,WD,Normal,128000
2,403,TA,TA,Y,10,2006,WD,Normal,178000
2,527,TA,TA,Y,7,2008,WD,Normal,188000
2,576,TA,TA,Y,4,2008,COD,Normal,111250
1,336,TA,TA,Y,7,2006,WD,Normal,158000
2,670,TA,TA,Y,5,2010,WD,Normal,272000
3,765,TA,TA,Y,3,2009,WD,Normal,315000
3,648,TA,TA,Y,6,2007,WD,Normal,248000
2,583,TA,TA,Y,6,2009,WD,Normal,213250
1,367,TA,TA,Y,6,2007,WD,Normal,133000
2,426,TA,TA,Y,9,2006,New,Partial,179665
3,786,TA,TA,Y,2,2006,WD,Normal,229000
2,440,TA,TA,Y,5,2007,WD,Normal,210000
2,624,TA,TA,Y,4,2007,WD,Normal,129500
2,720,TA,TA,Y,6,2008,WD,Normal,125000
2,615,TA,TA,Y,11,2009,WD,Normal,263000
2,440,TA,TA,Y,10,2008,COD,Abnorml,140000
1,288,TA,TA,Y,6,2008,WD,Normal,112500
3,908,TA,TA,Y,7,2009,WD,Normal,255500
3,871,TA,TA,Y,8,2008,WD,Normal,284000
1,280,TA,TA,Y,8,2006,WD,Normal,113000
1,299,TA,TA,Y,5,2006,WD,Normal,141000
1,570,TA,TA,Y,9,2006,COD,Normal,108000
2,406,TA,TA,Y,8,2008,WD,Normal,175000
2,420,TA,TA,Y,10,2006,WD,Normal,234000
2,528,TA,TA,Y,5,2010,WD,Normal,121500
2,418,TA,TA,Y,4,2006,WD,Normal,170000
2,396,TA,TA,N,7,2008,WD,Normal,185000
2,590,TA,TA,Y,7,2006,WD,Normal,268000
1,216,TA,TA,Y,5,2010,WD,Normal,128000
3,656,TA,TA,Y,6,2008,WD,Normal,325000
2,532,TA,TA,Y,3,2010,WD,Normal,214000
2,612,Gd,TA,Y,9,2009,WD,Normal,316600
2,600,TA,TA,Y,12,2006,WD,Normal,135960
2,576,TA,TA,Y,11,2008,WD,Normal,142600
1,288,TA,TA,Y,10,2006,WD,Abnorml,120000
2,650,TA,TA,Y,7,2009,New,Partial,224500
2,400,TA,TA,Y,12,2007,WD,Normal,170000
1,288,TA,TA,Y,12,2007,WD,Normal,139000
1,336,TA,TA,Y,10,2008,COD,Abnorml,118500
1,216,TA,TA,Y,8,2009,WD,Normal,145000
2,564,TA,TA,Y,5,2006,WD,Abnorml,164500
2,540,TA,TA,Y,2,2008,WD,Abnorml,146000
1,352,Fa,TA,Y,11,2008,WD,Normal,131500
2,572,TA,TA,Y,6,2007,WD,Normal,181900
3,1390,TA,TA,Y,8,2009,New,Partial,253293
2,880,Gd,TA,Y,7,2008,WD,Normal,325000
1,240,TA,TA,Y,7,2009,WD,Normal,133000
3,880,TA,TA,Y,3,2006,New,Partial,369900
1,275,TA,TA,N,5,2008,WD,Normal,130000
2,528,TA,TA,Y,7,2009,WD,Normal,137000
1,452,TA,TA,Y,6,2009,WD,Partial,143000
1,308,TA,TA,P,8,2008,WD,Normal,79500
2,520,TA,TA,Y,9,2008,WD,Normal,185900
3,842,TA,TA,Y,6,2009,ConLI,Normal,451950
2,816,TA,TA,Y,6,2008,WD,Normal,138000
2,420,TA,TA,Y,5,2009,WD,Normal,140000
1,280,TA,TA,Y,4,2008,WD,Normal,110000
3,758,TA,TA,Y,8,2006,New,Partial,319000
1,216,TA,Fa,N,10,2006,WD,Normal,114504
3,648,TA,TA,Y,2,2007,New,Partial,194201
2,621,TA,TA,Y,3,2006,WD,Normal,217500
2,452,TA,TA,Y,7,2008,COD,Normal,151000
2,736,TA,TA,Y,6,2006,WD,Normal,275000
1,544,TA,TA,P,12,2007,WD,Normal,141000
2,506,TA,TA,Y,2,2006,WD,Abnorml,220000
2,480,TA,TA,Y,6,2010,WD,Normal,151000
2,530,TA,TA,Y,9,2008,WD,Normal,221000
2,486,TA,TA,Y,10,2009,WD,Normal,205000
2,576,TA,TA,Y,11,2009,WD,Normal,152000
1,230,TA,TA,Y,8,2006,WD,Normal,225000
2,380,TA,TA,Y,9,2007,WD,Alloca,359100
1,261,TA,TA,Y,4,2007,WD,Normal,118500
3,736,TA,TA,Y,5,2009,WD,Normal,313000
2,564,TA,TA,Y,7,2007,WD,Normal,148000
2,531,TA,TA,Y,11,2009,WD,Normal,261500
2,480,TA,TA,Y,5,2010,WD,Abnorml,137500
2,393,TA,TA,Y,6,2006,WD,Normal,183200
2,528,TA,TA,Y,6,2008,WD,Normal,105500
3,774,TA,TA,Y,7,2007,New,Partial,314813
3,749,TA,TA,Y,8,2008,WD,Normal,305000
2,624,TA,TA,Y,6,2008,WD,Normal,240000
2,484,TA,TA,Y,7,2009,WD,Normal,135000
2,440,TA,TA,Y,6,2007,WD,Normal,168500
2,484,TA,TA,Y,11,2006,WD,Normal,165150
2,440,TA,TA,Y,2,2010,WD,Normal,160000
1,286,TA,TA,Y,8,2007,WD,Normal,139900
1,364,TA,TA,Y,3,2010,WD,Normal,153000
2,504,TA,TA,Y,9,2007,WD,Family,135000
2,520,TA,TA,Y,6,2008,WD,Normal,168500
1,240,Fa,Po,N,6,2006,WD,Abnorml,124000
2,627,TA,TA,Y,8,2007,WD,Normal,209500
2,544,TA,TA,Y,4,2009,WD,Family,82500
1,260,TA,TA,Y,7,2007,WD,Normal,139400
2,576,TA,TA,Y,6,2010,WD,Normal,144000
1,256,TA,TA,Y,11,2009,WD,Normal,93000
3,648,TA,TA,Y,10,2006,New,Partial,264561
2,588,TA,TA,Y,4,2008,WD,Normal,274000
2,650,TA,TA,Y,5,2007,WD,Normal,226000
2,538,TA,TA,Y,7,2009,WD,Normal,345000
2,462,TA,TA,Y,4,2007,WD,Normal,152000
3,478,TA,TA,Y,10,2009,New,Partial,370878
2,576,TA,TA,Y,3,2007,WD,Normal,143250
2,495,TA,TA,Y,6,2008,WD,Normal,155000
2,442,TA,TA,Y,6,2010,WD,Normal,155000
1,296,Fa,Po,P,10,2009,WD,Normal,108000
2,512,TA,TA,Y,7,2009,WD,Normal,191000
1,216,TA,TA,Y,6,2008,WD,Normal,135000
3,839,TA,TA,Y,8,2008,WD,Normal,350000
1,264,TA,TA,Y,3,2010,WD,Family,88000
1,312,TA,TA,Y,8,2008,WD,Normal,145500
1,270,TA,TA,P,2,2008,WD,Normal,149000
1,330,TA,TA,Y,1,2010,WD,Abnorml,97500
2,480,TA,TA,Y,3,2009,WD,Normal,167000
2,550,TA,TA,Y,11,2007,WD,Normal,197900
3,711,TA,TA,Y,7,2009,WD,Normal,402000
2,576,TA,TA,Y,7,2009,WD,Normal,110000
2,588,TA,TA,Y,4,2008,WD,Normal,137500
3,1134,TA,TA,Y,1,2006,New,Partial,423000
2,504,TA,TA,Y,11,2006,WD,Normal,230500
2,596,TA,TA,Y,8,2007,WD,Abnorml,129000
2,575,TA,TA,Y,10,2008,WD,Normal,193500
2,576,TA,TA,Y,11,2006,WD,Normal,168000
1,252,TA,Fa,Y,7,2006,WD,Normal,137500
2,540,TA,TA,Y,2,2009,WD,Normal,173500
1,300,TA,TA,Y,7,2009,WD,Normal,103600
2,546,TA,TA,Y,6,2006,WD,Normal,165000
2,416,TA,TA,Y,6,2007,WD,Normal,257500
1,384,TA,TA,Y,7,2008,WD,Normal,140000
2,440,TA,TA,Y,4,2009,WD,Normal,148500
3,779,Fa,Fa,N,5,2006,WD,Normal,87000
1,240,Fa,Fa,N,5,2009,WD,Normal,109500
3,834,TA,TA,Y,7,2009,New,Partial,372500
2,572,TA,TA,Y,10,2007,WD,Normal,128500
1,264,TA,TA,Y,5,2010,WD,Normal,143000
1,281,TA,TA,Y,7,2009,WD,Abnorml,159434
2,431,TA,TA,Y,11,2008,WD,Normal,173000
3,702,TA,TA,Y,7,2007,WD,Normal,285000
2,486,TA,TA,Y,6,2010,WD,Normal,221000
2,577,TA,TA,Y,9,2007,WD,Normal,207500
2,578,TA,TA,Y,8,2007,New,Partial,227875
2,480,TA,TA,Y,3,2007,WD,Normal,148800
2,567,TA,TA,Y,10,2007,New,Partial,392000
2,460,TA,TA,Y,6,2007,WD,Normal,194700
2,420,TA,TA,Y,5,2008,WD,Normal,141000
3,832,TA,TA,Y,1,2007,WD,Normal,755000
2,628,TA,TA,Y,4,2006,WD,Normal,335000
1,326,TA,TA,Y,12,2006,WD,Abnorml,108480
2,576,TA,TA,Y,4,2009,WD,Normal,141500
2,551,TA,TA,Y,7,2006,WD,Normal,176000
1,205,TA,TA,Y,6,2006,WD,Normal,89000
1,308,TA,TA,Y,9,2006,WD,Normal,123500
1,336,TA,TA,Y,4,2010,WD,Normal,138500
2,530,TA,TA,Y,7,2008,WD,Normal,196000
3,765,TA,TA,Y,5,2006,WD,Normal,312500
2,528,TA,TA,Y,7,2006,COD,Normal,140000
3,666,TA,TA,Y,7,2006,New,Partial,361919
2,672,TA,TA,N,5,2010,WD,Normal,140000
2,606,TA,TA,Y,5,2010,WD,Normal,213000
2,739,TA,TA,Y,6,2007,WD,Normal,302000
2,550,TA,TA,Y,12,2009,WD,Normal,254000
2,400,TA,TA,Y,7,2007,New,Partial,179540
1,408,TA,TA,Y,12,2008,WD,Abnorml,109900
1,384,TA,TA,N,1,2010,WD,Abnorml,102776
2,472,TA,TA,Y,10,2008,WD,Normal,189000
2,576,TA,TA,Y,5,2006,WD,Normal,129000
2,475,TA,TA,Y,3,2010,WD,Normal,130500
2,478,TA,TA,Y,8,2009,WD,Normal,165000
2,704,TA,TA,P,7,2007,WD,Normal,159500
2,439,TA,TA,Y,11,2008,WD,Normal,157000
3,983,TA,TA,Y,8,2008,WD,Normal,341000
1,300,TA,TA,Y,5,2006,WD,Normal,128500
2,564,TA,TA,Y,12,2006,WD,Normal,275000
2,420,TA,TA,Y,5,2010,WD,Normal,143000
2,463,TA,TA,Y,7,2009,WD,Normal,124500
1,548,TA,TA,Y,5,2008,WD,Normal,135000
3,768,TA,TA,Y,2,2009,WD,Normal,320000
2,660,TA,TA,Y,11,2009,WD,Normal,120500
2,540,TA,TA,Y,12,2009,WD,Normal,222000
2,632,TA,TA,Y,2,2009,WD,Normal,194500
3,888,TA,TA,Y,7,2009,COD,Abnorml,110000
2,539,TA,TA,Y,1,2009,WD,Normal,103000
2,608,TA,TA,Y,3,2010,WD,Normal,236500
2,438,TA,TA,Y,5,2007,WD,Normal,187500
2,541,TA,TA,Y,7,2008,WD,Normal,222500
1,264,TA,TA,Y,3,2009,WD,Normal,131400
1,300,TA,TA,Y,5,2007,WD,Family,108000
2,320,TA,TA,N,10,2006,WD,Normal,163000
3,800,TA,TA,Y,6,2006,WD,Normal,239900
2,572,TA,TA,Y,4,2009,WD,Normal,190000
2,360,TA,Gd,Y,5,2007,WD,Abnorml,132000
1,288,TA,TA,Y,5,2008,WD,Normal,142000
2,539,TA,TA,Y,12,2007,WD,Normal,179000
2,480,TA,TA,Y,10,2009,WD,Normal,175000
2,462,TA,TA,Y,10,2008,WD,Normal,180000
2,831,TA,TA,Y,7,2008,WD,Normal,299800
2,554,TA,TA,Y,4,2009,WD,Normal,236000
4,864,TA,TA,N,5,2009,WD,Normal,265979
2,527,TA,TA,Y,3,2010,WD,Normal,260400
2,400,TA,TA,Y,8,2007,WD,Normal,162000
2,576,TA,TA,Y,7,2006,WD,Normal,217000
3,878,TA,TA,Y,3,2006,WD,Normal,275500
2,440,TA,TA,Y,7,2009,WD,Normal,156000
2,440,TA,TA,Y,3,2009,WD,Normal,172500
2,578,TA,TA,Y,4,2009,WD,Normal,212000
2,440,TA,TA,Y,4,2010,WD,Abnorml,158900
2,440,TA,TA,Y,8,2008,WD,Normal,179400
3,752,TA,TA,Y,11,2007,WD,Normal,290000
1,300,Ex,Ex,Y,10,2009,WD,Normal,127500
2,440,TA,TA,Y,10,2009,WD,Normal,100000
2,614,TA,TA,Y,6,2010,Con,Normal,215200
3,856,TA,TA,Y,7,2009,WD,Normal,337000
2,481,TA,TA,Y,4,2006,WD,Normal,270000
2,592,TA,TA,Y,8,2008,New,Partial,264132
2,496,TA,TA,Y,3,2010,WD,Normal,196500
1,423,TA,TA,Y,7,2008,WD,Normal,160000
2,484,TA,TA,Y,10,2006,WD,Normal,216837
3,841,TA,TA,Y,6,2010,WD,Normal,538000
2,576,TA,TA,Y,4,2009,WD,Normal,134900
2,396,TA,TA,Y,4,2006,COD,Normal,102000
2,672,TA,TA,Y,3,2010,WD,Abnorml,107000
1,275,TA,TA,Y,7,2007,COD,Normal,114500
3,895,TA,TA,Y,7,2007,New,Partial,395000
2,412,TA,TA,Y,6,2009,WD,Normal,162000
3,865,TA,TA,Y,7,2006,New,Partial,221500
2,440,TA,TA,Y,6,2006,WD,Normal,142500
2,504,TA,TA,Y,5,2006,WD,Normal,135000
2,402,TA,TA,Y,6,2007,WD,Normal,176000
2,484,TA,TA,Y,7,2006,WD,Normal,175900
2,605,TA,TA,Y,6,2009,WD,Normal,187100
2,602,TA,TA,Y,7,2009,WD,Normal,165500
2,457,TA,TA,Y,9,2009,WD,Normal,161500
1,416,TA,TA,Y,6,2010,WD,Normal,139000
2,618,TA,TA,Y,1,2010,WD,Normal,233000
1,281,Fa,TA,Y,8,2008,WD,Normal,107900
2,444,TA,TA,Y,7,2007,WD,Normal,187500
2,397,TA,TA,Y,9,2009,WD,Normal,160200
2,539,TA,TA,Y,5,2007,WD,Normal,146800
2,455,TA,TA,Y,6,2007,WD,Normal,269790
2,474,TA,TA,Y,6,2007,New,Partial,225000
2,409,TA,TA,Y,10,2008,WD,Normal,194500
2,476,TA,TA,Y,4,2010,WD,Normal,171000
2,528,TA,TA,Y,4,2007,WD,Normal,143500
1,240,TA,TA,Y,4,2008,WD,Abnorml,110000
3,820,TA,TA,Y,7,2009,New,Partial,485000
1,240,TA,TA,Y,6,2007,WD,Normal,175000
2,603,TA,TA,Y,5,2008,WD,Normal,200000
2,440,TA,TA,Y,7,2007,WD,Normal,109900
2,410,TA,TA,Y,10,2008,WD,Normal,189000
3,1020,TA,TA,Y,1,2009,New,Partial,582933
1,286,TA,TA,Y,6,2006,WD,Family,118000
2,554,TA,TA,Y,7,2008,New,Partial,227680
1,384,TA,TA,Y,10,2006,WD,Normal,135500
2,528,TA,TA,Y,5,2009,WD,Normal,223500
2,484,TA,TA,Y,6,2006,WD,Normal,159950
2,360,Fa,Po,N,11,2009,WD,Normal,106000
2,484,TA,TA,Y,1,2006,WD,Normal,181000
2,420,TA,TA,Y,6,2008,ConLD,Normal,144500
2,504,TA,TA,N,6,2010,WD,Alloca,55993
1,301,TA,TA,Y,4,2007,COD,Normal,157900
1,280,TA,TA,P,7,2006,WD,Normal,116000
2,598,TA,TA,Y,5,2010,WD,Normal,224900
1,275,TA,TA,Y,7,2006,WD,Normal,137000
3,857,TA,TA,Y,7,2008,WD,Normal,271000
2,440,TA,TA,Y,6,2010,WD,Normal,155000
2,484,TA,TA,Y,6,2010,New,Partial,224000
2,595,TA,TA,Y,6,2008,WD,Normal,183000
2,576,TA,TA,Y,2,2009,WD,Normal,93000
2,433,TA,TA,Y,10,2007,WD,Family,225000
1,240,TA,TA,Y,7,2009,WD,Normal,139500
2,776,TA,TA,Y,6,2006,New,Partial,232600
3,1220,TA,TA,Y,6,2008,New,Partial,385000
2,527,TA,TA,Y,4,2009,WD,Normal,189000
2,538,TA,TA,Y,6,2009,WD,Abnorml,185000
2,480,TA,TA,Y,7,2006,WD,Normal,147400
2,458,TA,TA,Y,6,2008,WD,Normal,166000
2,480,TA,TA,Y,6,2006,WD,Normal,151000
2,613,TA,TA,Y,1,2010,WD,Normal,237000
2,472,TA,TA,Y,2,2009,WD,Normal,167000
2,456,TA,TA,Y,9,2008,WD,Normal,139950
2,436,TA,TA,Y,2,2010,WD,Normal,128000
2,812,TA,TA,Y,6,2007,COD,Normal,153500
1,264,TA,TA,Y,11,2008,WD,Normal,100000
1,352,TA,TA,Y,6,2008,WD,Normal,144000
1,240,TA,TA,Y,5,2008,WD,Normal,130500
1,400,TA,TA,P,3,2008,WD,Normal,140000
2,686,Gd,TA,P,6,2008,WD,Normal,157500
2,490,Gd,Gd,Y,5,2008,WD,Normal,174900
3,720,TA,TA,Y,6,2008,WD,Normal,153900
2,611,TA,TA,Y,1,2007,WD,Normal,171000
2,425,TA,TA,Y,7,2009,WD,Normal,213000
1,338,TA,TA,Y,8,2009,WD,Normal,133500
2,360,Fa,TA,Y,9,2008,WD,Normal,240000
2,512,TA,TA,Y,8,2007,WD,Normal,187000
2,420,TA,TA,Y,11,2007,WD,Normal,131500
2,400,TA,TA,Y,5,2006,WD,Normal,215000
1,240,TA,TA,Y,8,2007,WD,Normal,164000
2,645,TA,TA,Y,8,2009,WD,Normal,158000
2,454,TA,TA,Y,7,2006,WD,Abnorml,170000
1,260,TA,TA,Y,4,2010,WD,Normal,127000
2,576,TA,Fa,Y,10,2008,WD,Normal,147000
2,343,TA,TA,Y,3,2009,WD,Normal,174000
2,479,TA,TA,Y,6,2009,WD,Family,152000
2,619,TA,TA,Y,8,2006,WD,Normal,250000
1,216,TA,TA,Y,6,2007,WD,Normal,189950
2,504,TA,TA,Y,4,2010,WD,Normal,131500
2,480,TA,TA,Y,5,2010,WD,Normal,152000
1,672,TA,TA,Y,7,2009,WD,Normal,132500
2,529,TA,TA,Y,5,2008,New,Partial,250580
2,902,TA,TA,Y,8,2009,WD,Normal,148500
3,870,TA,TA,Y,11,2007,New,Partial,248900
2,544,TA,TA,Y,5,2007,WD,Normal,129000
2,574,TA,TA,Y,6,2010,WD,Normal,236000
1,308,TA,TA,Y,8,2009,WD,Normal,109500
2,523,TA,TA,Y,6,2010,WD,Normal,200500
2,414,TA,TA,Y,10,2008,WD,Normal,116000
1,288,TA,TA,Y,9,2009,WD,Normal,133000
1,200,TA,TA,Y,8,2009,WD,Abnorml,66500
2,550,TA,TA,Y,8,2007,New,Partial,303477
2,648,TA,TA,Y,1,2007,WD,Normal,132250
3,738,TA,TA,Y,6,2009,WD,Normal,350000
2,576,TA,TA,Y,6,2010,WD,Normal,148000
1,336,TA,TA,Y,7,2009,WD,Normal,136500
2,450,TA,TA,Y,6,2007,WD,Normal,157000
2,400,TA,TA,Y,4,2007,WD,Normal,187500
2,389,TA,TA,Y,12,2009,WD,Normal,178000
1,440,TA,Gd,Y,3,2006,WD,Normal,118500
1,288,TA,TA,Y,7,2009,WD,Normal,100000
2,506,TA,TA,Y,1,2008,CWD,Abnorml,328900
2,588,TA,TA,Y,6,2006,WD,Family,145000
1,300,TA,TA,Y,4,2008,WD,Normal,135500
2,621,TA,TA,Y,10,2007,WD,Normal,268000
2,505,TA,TA,Y,2,2009,WD,Normal,149500
2,576,TA,TA,Y,7,2007,WD,Normal,122900
2,440,TA,TA,Y,7,2009,WD,Normal,172500
1,264,TA,TA,Y,2,2006,WD,Normal,154500
1,354,TA,TA,Y,6,2008,WD,Normal,165000
2,483,TA,TA,Y,10,2008,WD,Normal,140000
1,327,TA,TA,Y,4,2006,WD,Abnorml,106500
3,820,TA,TA,Y,3,2010,New,Partial,611657
1,288,TA,TA,Y,6,2006,WD,Normal,135000
1,684,TA,TA,Y,6,2007,WD,Normal,110000
1,756,TA,TA,Y,5,2009,WD,Normal,153000
2,393,TA,TA,Y,7,2006,WD,Normal,180000
3,690,TA,TA,Y,8,2006,New,Partial,240000
1,288,TA,TA,Y,8,2007,WD,Normal,125500
1,280,TA,TA,Y,2,2010,WD,Normal,128000
3,865,TA,TA,Y,6,2007,WD,Normal,255000
1,180,Fa,TA,Y,6,2006,WD,Normal,250000
2,484,TA,TA,Y,6,2006,WD,Normal,131000
2,390,TA,TA,Y,6,2009,WD,Normal,174000
2,480,TA,TA,Y,1,2010,WD,Normal,154300
1,252,TA,TA,Y,10,2009,WD,Normal,143500
1,450,TA,TA,Y,7,2006,WD,Abnorml,88000
3,871,TA,TA,Y,8,2007,WD,Normal,145000
2,528,TA,TA,Y,6,2009,New,Partial,173733
1,286,TA,TA,Y,1,2007,WD,Normal,75000
1,308,TA,TA,Y,10,2006,WD,Abnorml,35311
1,284,TA,TA,Y,4,2009,WD,Normal,135000
3,833,TA,TA,Y,11,2007,WD,Normal,238000
2,601,TA,TA,Y,5,2008,WD,Normal,176500
2,471,TA,TA,Y,7,2007,WD,Normal,201000
2,397,TA,TA,Y,10,2006,New,Partial,169990
2,533,TA,TA,Y,7,2008,WD,Normal,193000
2,612,TA,TA,Y,5,2006,WD,Normal,207500
2,540,TA,TA,Y,3,2008,WD,Abnorml,175000
3,656,TA,TA,Y,5,2007,WD,Normal,285000
2,486,TA,TA,Y,4,2008,WD,Normal,176000
2,522,TA,TA,Y,6,2009,WD,Normal,236500
2,642,TA,TA,Y,11,2006,WD,Normal,222000
3,610,TA,TA,Y,7,2009,WD,Normal,201000
1,429,TA,TA,Y,7,2009,WD,Normal,117500
3,788,TA,TA,Y,3,2007,WD,Normal,320000
2,570,TA,TA,Y,8,2009,WD,Normal,190000
2,505,TA,TA,Y,11,2008,WD,Normal,242000
2,528,TA,TA,Y,6,2006,WD,Normal,79900
2,689,TA,TA,Y,2,2009,WD,Normal,253000
3,868,TA,TA,Y,8,2006,New,Partial,239799
1,349,TA,TA,Y,6,2010,COD,Normal,244400
2,574,TA,TA,Y,7,2006,WD,Normal,150900
2,390,TA,TA,Y,6,2009,WD,Normal,214000
2,576,TA,TA,P,6,2007,WD,Normal,143000
2,525,TA,TA,Y,1,2009,COD,Abnorml,137500
2,456,TA,TA,Y,9,2009,WD,Normal,124900
1,796,TA,TA,Y,3,2006,WD,Normal,143000
3,808,TA,TA,Y,11,2007,WD,Normal,270000
2,676,TA,TA,Y,3,2010,WD,Normal,197500
2,720,TA,TA,Y,7,2007,WD,Normal,129000
1,300,TA,TA,Y,7,2006,WD,Abnorml,119900
1,396,TA,TA,Y,4,2009,WD,Normal,133900
2,530,TA,TA,Y,9,2008,WD,Normal,172000
2,492,TA,TA,Y,8,2007,WD,Normal,145000
2,462,TA,TA,Y,5,2009,WD,Normal,124000
2,576,TA,TA,Y,4,2007,WD,Normal,132000
2,531,TA,TA,Y,10,2007,WD,Normal,185000
2,484,TA,TA,Y,5,2010,WD,Normal,155000
2,619,TA,TA,Y,7,2008,WD,Normal,272000
2,440,TA,TA,Y,7,2007,WD,Normal,155000
2,702,TA,TA,Y,5,2009,WD,Normal,239000
2,510,TA,TA,Y,2,2010,WD,Normal,214900
2,393,TA,TA,Y,7,2007,New,Partial,178900
1,256,TA,TA,Y,6,2009,WD,Normal,160000
1,260,TA,TA,Y,7,2008,WD,Normal,135000
1,264,TA,TA,Y,3,2006,ConLD,Normal,140000
2,474,TA,TA,Y,7,2009,WD,Normal,173000
1,264,TA,TA,Y,4,2010,WD,Normal,99500
2,532,TA,TA,Y,10,2009,WD,Normal,167500
2,490,TA,TA,Y,4,2006,WD,Normal,165000
2,400,TA,TA,Y,5,2007,WD,Abnorml,110000
2,480,TA,TA,Y,6,2009,WD,Normal,139000
2,588,TA,TA,Y,7,2008,WD,Normal,178400
3,676,TA,TA,Y,7,2009,WD,Normal,336000
2,388,TA,TA,Y,3,2008,WD,Normal,159895
2,779,TA,TA,Y,5,2008,WD,Normal,255900
1,240,TA,TA,Y,8,2008,ConLD,Normal,125000
1,255,Fa,TA,Y,6,2006,WD,Normal,117000
3,606,TA,TA,Y,4,2010,New,Partial,395192
2,551,TA,TA,Y,6,2007,WD,Normal,195000
2,614,TA,TA,Y,8,2006,New,Partial,197000
3,870,TA,TA,Y,6,2006,WD,Normal,348000
2,424,TA,TA,P,11,2009,WD,Normal,168000
2,440,TA,TA,Y,7,2007,WD,Normal,187000
2,564,TA,TA,Y,8,2006,New,Partial,173900
3,786,TA,TA,Y,7,2009,WD,Normal,337500
1,305,TA,TA,Y,8,2006,WD,Abnorml,121600
1,368,TA,TA,Y,1,2006,COD,Normal,136500
2,615,TA,TA,Y,2,2009,WD,Normal,185000
1,210,TA,Fa,P,5,2006,WD,Normal,91000
2,632,TA,TA,Y,2,2010,WD,Normal,206000
1,216,Fa,TA,N,1,2007,WD,Abnorml,86000
3,824,TA,TA,Y,7,2008,WD,Normal,232000
2,528,TA,TA,Y,6,2007,WD,Normal,136905
2,457,TA,TA,Y,5,2009,WD,Normal,181000
1,328,TA,TA,Y,11,2008,WD,Normal,149900
2,484,TA,TA,Y,3,2007,WD,Normal,163500
1,286,TA,TA,Y,8,2009,WD,Normal,88000
2,550,TA,TA,Y,4,2009,WD,Normal,240000
1,312,TA,TA,Y,8,2008,WD,Normal,135000
1,180,TA,TA,Y,8,2007,WD,Normal,165000
1,280,TA,TA,Y,6,2009,WD,Normal,85000
1,240,TA,TA,Y,11,2007,WD,Normal,119200
2,528,TA,TA,Y,11,2009,WD,Normal,227000
2,478,TA,TA,Y,6,2009,WD,Normal,203000
2,565,TA,TA,Y,8,2009,COD,Abnorml,187500
2,402,TA,TA,Y,5,2007,WD,Normal,160000
2,440,TA,TA,Y,4,2006,WD,Normal,213490
2,451,TA,TA,Y,6,2008,WD,Normal,176000
2,632,TA,TA,Y,7,2006,New,Partial,194000
1,160,Fa,Fa,Y,3,2007,WD,Normal,87000
2,437,TA,TA,Y,5,2008,WD,Normal,191000
2,665,TA,TA,Y,5,2008,COD,Abnorml,287000
2,461,TA,TA,Y,3,2007,WD,Normal,112500
2,461,TA,TA,Y,4,2010,WD,Normal,167500
3,800,TA,TA,Y,4,2008,New,Partial,293077
1,240,TA,TA,Y,4,2007,WD,Normal,105000
1,264,TA,TA,Y,5,2006,WD,Normal,118000
2,672,TA,TA,Y,8,2009,WD,Normal,197000
3,796,TA,TA,Y,11,2006,WD,Abnorml,310000
3,900,TA,TA,Y,2,2006,WD,Normal,230000
1,240,Fa,TA,Y,6,2007,WD,Normal,119750
3,912,TA,TA,Y,9,2009,WD,Normal,315500
2,905,TA,TA,Y,9,2008,WD,Normal,287000
1,286,TA,TA,Y,4,2009,WD,Normal,80000
2,484,TA,TA,Y,1,2006,WD,Normal,155000
2,484,TA,TA,Y,7,2008,WD,Normal,173000
2,624,TA,TA,Y,8,2009,WD,Normal,196000
2,514,TA,TA,Y,5,2008,WD,Normal,262280
2,542,TA,TA,Y,7,2009,WD,Normal,278000
3,716,TA,TA,Y,7,2006,New,Partial,556581
2,672,TA,TA,Y,2,2008,WD,Normal,145000
2,436,TA,TA,Y,8,2007,New,Partial,176485
2,440,TA,TA,Y,10,2007,New,Partial,200141
2,540,TA,TA,Y,6,2007,WD,Normal,165000
1,364,TA,TA,Y,5,2010,WD,Normal,144500
2,586,TA,TA,Y,11,2006,WD,Normal,255000
2,478,TA,TA,Y,5,2008,COD,Abnorml,180000
2,484,TA,TA,Y,6,2006,WD,Normal,185850
2,467,TA,TA,Y,1,2009,WD,Normal,248000
3,836,TA,TA,Y,7,2009,WD,Normal,335000
2,432,TA,Fa,Y,3,2007,WD,Normal,220000
2,582,TA,TA,Y,4,2010,WD,Normal,213500
3,1248,TA,TA,Y,8,2008,ConLD,Normal,81000
2,560,TA,TA,Y,9,2007,WD,Normal,90000
2,440,TA,TA,Y,7,2006,WD,Normal,110500
2,480,TA,TA,Y,11,2009,WD,Normal,154000
2,533,TA,TA,Y,4,2010,WD,Normal,328000
2,380,TA,TA,Y,5,2009,WD,Normal,178000
2,442,TA,TA,Y,6,2008,WD,Normal,167900
2,576,TA,TA,Y,6,2006,WD,Normal,151400
2,576,TA,TA,Y,5,2007,WD,Normal,135000
1,286,TA,TA,Y,6,2007,WD,Normal,135000
2,441,TA,TA,Y,5,2009,WD,Normal,154000
1,280,TA,TA,P,8,2006,WD,Normal,91500
2,440,TA,TA,Y,7,2009,WD,Normal,159500
3,826,TA,TA,Y,5,2007,WD,Normal,194000
1,240,TA,TA,Y,7,2007,CWD,Normal,219500
2,566,TA,TA,Y,4,2006,WD,Normal,170000
1,299,TA,TA,Y,3,2006,WD,Abnorml,138800
2,420,TA,TA,Y,5,2006,WD,Normal,155900
1,299,TA,TA,Y,4,2007,WD,Normal,126000
2,528,TA,TA,Y,10,2008,COD,Abnorml,145000
1,308,TA,TA,Y,6,2010,WD,Normal,133000
2,527,TA,TA,Y,9,2007,WD,Normal,192000
1,461,TA,TA,Y,3,2006,WD,Normal,160000
2,409,TA,TA,Y,7,2006,WD,Normal,187500
2,564,TA,TA,Y,4,2010,WD,Normal,147000
1,286,TA,TA,Y,5,2010,WD,Normal,83500
3,1043,TA,TA,Y,5,2009,WD,Normal,252000
2,380,TA,TA,Y,4,2006,WD,Normal,137500
2,550,TA,TA,Y,4,2006,WD,Normal,197000
2,462,TA,TA,Y,3,2008,WD,Normal,160000
2,576,TA,TA,Y,6,2008,WD,Normal,136500
2,884,TA,TA,Y,10,2006,WD,Normal,146000
1,308,TA,TA,Y,5,2010,WD,Normal,129000
2,440,TA,TA,Y,3,2007,WD,Normal,176432
2,461,TA,TA,Y,10,2007,WD,Normal,170000
1,240,TA,TA,Y,7,2009,WD,Normal,128000
2,478,TA,TA,Y,4,2009,COD,Abnorml,157000
1,246,TA,TA,N,1,2009,WD,Normal,60000
1,280,TA,TA,Y,7,2007,WD,Normal,119500
1,254,TA,TA,Y,4,2007,WD,Family,135000
2,539,TA,TA,Y,7,2006,WD,Normal,159500
2,440,TA,TA,Y,4,2007,WD,Normal,106000
2,712,TA,TA,Y,4,2010,WD,Normal,325000
2,719,TA,TA,Y,5,2007,WD,Normal,179900
2,422,TA,TA,Y,9,2006,New,Partial,274725
2,463,TA,TA,Y,11,2007,WD,Abnorml,181000
3,862,TA,TA,Y,3,2009,WD,Normal,280000
2,431,TA,TA,Y,6,2008,WD,Normal,188000
2,483,TA,TA,Y,9,2008,WD,Normal,205000
1,308,TA,TA,Y,7,2006,WD,Normal,129900
1,240,TA,TA,Y,5,2007,WD,Normal,134500
1,326,TA,TA,Y,8,2006,WD,Normal,117000
3,928,TA,TA,Y,11,2007,New,Partial,318000
2,527,TA,TA,Y,3,2009,WD,Normal,184100
2,450,TA,TA,Y,5,2008,WD,Normal,130000
1,300,TA,TA,Y,12,2008,WD,Normal,140000
1,286,TA,TA,Y,7,2006,WD,Normal,133700
1,308,TA,TA,Y,5,2007,WD,Normal,118400
3,782,TA,TA,Y,7,2006,New,Partial,212900
1,288,TA,TA,Y,10,2009,COD,Abnorml,112000
2,392,TA,TA,Y,7,2007,WD,Normal,163900
2,672,Fa,Fa,Y,11,2009,WD,Normal,115000
3,660,TA,TA,Y,6,2009,WD,Normal,174000
3,630,TA,TA,Y,11,2007,WD,Family,259000
2,434,TA,TA,Y,7,2007,WD,Normal,215000
2,672,TA,TA,Y,8,2007,WD,Normal,140000
2,576,TA,TA,Y,12,2009,WD,Normal,135000
1,205,Fa,TA,N,5,2007,WD,Normal,117500
2,466,TA,TA,Y,6,2009,WD,Normal,239500
2,460,TA,TA,Y,8,2007,WD,Normal,169000
1,180,TA,TA,Y,5,2007,WD,Normal,102000
1,288,TA,TA,Y,4,2008,WD,Abnorml,119000
2,714,TA,TA,Y,5,2009,WD,Normal,196000
2,495,TA,TA,Y,5,2007,WD,Normal,144000
2,840,TA,TA,Y,6,2008,COD,Abnorml,139000
2,484,TA,TA,Y,10,2009,WD,Normal,197500
3,1052,TA,TA,Y,4,2007,New,Partial,424870
1,280,TA,TA,Y,7,2010,WD,Normal,80000
1,225,TA,TA,Y,8,2006,WD,Family,149000
2,403,TA,TA,Y,5,2006,WD,Normal,180000
1,234,TA,TA,Y,7,2009,WD,Normal,174500
1,288,TA,TA,Y,8,2008,WD,Normal,116900
2,324,TA,TA,Y,7,2009,WD,Normal,143000
1,306,TA,TA,Y,11,2007,WD,Normal,124000
2,528,TA,TA,Y,11,2006,WD,Normal,149900
2,470,TA,TA,Y,7,2006,WD,Abnorml,230000
1,432,TA,TA,Y,6,2008,WD,Normal,120500
2,492,TA,TA,Y,5,2008,WD,Normal,201800
2,528,TA,TA,Y,7,2007,WD,Normal,218000
2,502,TA,TA,Y,10,2008,WD,Normal,179900
2,626,TA,TA,Y,7,2009,WD,Normal,230000
3,830,TA,TA,Y,6,2008,ConLD,Partial,235128
2,540,Gd,TA,Y,7,2008,WD,Normal,185000
2,440,TA,TA,Y,7,2010,WD,Normal,146000
2,924,TA,TA,Y,11,2008,WD,Normal,224000
2,450,TA,TA,Y,5,2007,WD,Normal,129000
2,400,Fa,TA,Y,1,2008,WD,Alloca,108959
2,588,TA,TA,Y,6,2007,WD,Normal,194000
2,644,TA,TA,Y,9,2009,New,Partial,233170
3,776,TA,TA,Y,2,2010,WD,Normal,245350
2,472,TA,TA,Y,2,2006,WD,Normal,173000
2,540,TA,TA,Y,7,2008,WD,Normal,235000
3,807,TA,TA,Y,7,2006,WD,Normal,625000
1,358,TA,TA,Y,7,2008,WD,Normal,171000
2,433,TA,TA,Y,11,2008,WD,Normal,163000
2,625,TA,TA,Y,3,2008,WD,Normal,171900
2,360,TA,TA,Y,7,2006,WD,Normal,239000
2,541,TA,TA,Y,4,2007,WD,Normal,285000
1,264,TA,TA,Y,10,2008,WD,Normal,119500
1,210,TA,TA,N,12,2009,WD,Normal,115000
1,186,Fa,TA,Y,7,2009,WD,Normal,154900
2,693,TA,TA,Y,4,2006,WD,Normal,250000
2,482,TA,TA,Y,11,2008,New,Partial,392500
3,813,TA,TA,Y,7,2007,WD,Abnorml,745000
2,720,TA,TA,Y,6,2006,WD,Normal,120000
3,995,TA,TA,Y,5,2007,WD,Normal,186700
1,392,TA,TA,Y,3,2006,WD,Normal,104900
2,420,Fa,Fa,Y,8,2009,WD,Abnorml,95000
3,757,TA,TA,Y,7,2006,WD,Normal,262000
2,493,TA,TA,Y,7,2009,WD,Normal,195000
2,442,TA,TA,Y,6,2010,WD,Normal,189000
4,1356,TA,TA,Y,3,2007,WD,Normal,168000
2,492,TA,TA,Y,11,2007,WD,Normal,174000
1,250,TA,Fa,P,7,2007,WD,Normal,125000
2,402,TA,TA,Y,6,2009,WD,Normal,165000
1,299,TA,TA,Y,3,2010,WD,Normal,158000
2,400,TA,TA,Y,7,2008,WD,Normal,176000
3,660,TA,TA,Y,11,2006,New,Partial,219210
1,225,TA,TA,Y,7,2006,ConLw,Normal,144000
2,573,TA,TA,Y,6,2009,WD,Normal,178000
2,459,TA,TA,Y,10,2006,WD,Normal,148000
1,280,TA,TA,Y,7,2006,Oth,Abnorml,116050
2,546,TA,TA,Y,3,2009,WD,Normal,197900
1,216,TA,TA,N,5,2009,WD,Normal,117000
2,451,TA,TA,Y,10,2009,WD,Normal,213000
2,495,TA,TA,Y,7,2006,WD,Normal,153500
3,701,TA,TA,Y,6,2009,WD,Normal,271900
1,384,TA,TA,Y,11,2006,WD,Normal,107000
2,544,TA,TA,Y,5,2006,WD,Normal,200000
2,506,TA,TA,Y,10,2008,WD,Normal,140000
2,500,TA,TA,Y,5,2006,New,Partial,290000
2,462,TA,TA,Y,5,2010,WD,Normal,189000
2,492,TA,TA,Y,6,2010,WD,Normal,164000
1,234,TA,TA,N,8,2009,WD,Normal,113000
1,364,TA,TA,Y,5,2006,WD,Normal,145000
1,300,TA,TA,Y,5,2006,WD,Normal,134500
1,384,TA,TA,Y,5,2007,WD,Normal,125000
2,552,TA,TA,Y,9,2009,New,Partial,229456
1,288,TA,TA,Y,11,2006,WD,Abnorml,115000
1,322,TA,TA,Y,8,2008,WD,Normal,134000
1,315,TA,TA,Y,1,2007,WD,Normal,143000
2,528,TA,TA,Y,10,2006,WD,Normal,137900
2,388,TA,TA,Y,2,2008,WD,Normal,184000
1,264,TA,TA,Y,6,2007,WD,Normal,145000
3,668,TA,TA,Y,1,2008,WD,Normal,214000
2,576,TA,TA,Y,12,2008,WD,Normal,147000
3,1052,TA,TA,Y,10,2008,New,Partial,367294
1,404,TA,TA,Y,8,2008,WD,Normal,127000
2,600,TA,TA,N,8,2007,WD,Normal,190000
2,540,TA,TA,Y,5,2006,WD,Normal,132500
2,531,TA,TA,Y,5,2010,COD,Abnorml,142000
1,180,Fa,Fa,N,7,2006,WD,Normal,138887
2,474,TA,TA,Y,6,2010,WD,Normal,175500
2,434,TA,TA,Y,9,2006,WD,Normal,195000
2,484,TA,TA,Y,3,2006,WD,Abnorml,142500
2,472,TA,TA,Y,12,2007,WD,Normal,265900
2,543,TA,TA,Y,7,2008,WD,Normal,224900
3,954,TA,TA,Y,6,2007,New,Partial,248328
2,528,TA,TA,Y,1,2010,WD,Family,170000
2,400,TA,TA,Y,6,2006,WD,Normal,230000
2,477,TA,TA,Y,1,2007,WD,Abnorml,178000
2,615,TA,TA,Y,3,2006,New,Partial,186500
3,888,TA,TA,Y,5,2010,WD,Normal,169900
2,396,Fa,Fa,P,4,2008,WD,Normal,129500
1,276,TA,TA,Y,5,2007,WD,Normal,119000
2,522,TA,TA,Y,4,2010,WD,Normal,244000
2,478,TA,TA,Y,3,2006,WD,Normal,171750
1,288,TA,TA,Y,11,2009,WD,Normal,130000
2,518,TA,TA,Y,7,2007,WD,Normal,294000
2,397,TA,TA,Y,7,2008,WD,Normal,165400
1,560,TA,TA,Y,11,2007,WD,Normal,127500
2,691,TA,TA,Y,8,2008,WD,Normal,301500
2,400,TA,TA,Y,7,2008,WD,Normal,190000
2,460,TA,TA,Y,7,2008,WD,Normal,151000
2,502,TA,TA,Y,6,2009,WD,Normal,181000
1,338,TA,TA,Y,6,2009,WD,Normal,128900
1,304,TA,TA,Y,11,2009,WD,Normal,161500
2,520,TA,TA,N,7,2007,WD,Normal,180500
2,511,TA,TA,Y,8,2008,COD,Abnorml,181000
2,506,TA,TA,Y,3,2006,WD,Normal,183900
1,308,TA,TA,N,1,2007,WD,Normal,122000
3,746,TA,TA,Y,5,2010,WD,Normal,378500
3,1014,TA,TA,Y,5,2008,WD,Normal,381000
1,315,TA,TA,Y,7,2007,WD,Normal,144000
2,586,TA,TA,Y,4,2010,WD,Normal,260000
2,462,TA,TA,Y,8,2009,WD,Normal,185750
1,288,TA,TA,Y,11,2006,WD,Normal,137000
1,312,TA,TA,Y,5,2008,WD,Normal,177000
2,552,TA,TA,Y,11,2007,WD,Normal,139000
2,400,TA,Fa,Y,7,2007,WD,Normal,137000
2,497,TA,TA,Y,12,2009,WD,Normal,162000
2,480,TA,TA,Y,6,2009,WD,Normal,197900
2,528,TA,TA,Y,4,2010,COD,Abnorml,68400
2,544,TA,TA,Y,3,2009,WD,Normal,227000
2,484,Gd,Gd,Y,7,2006,WD,Normal,180000
2,484,TA,TA,Y,9,2009,WD,Normal,150500
1,336,TA,TA,Y,3,2010,WD,Normal,169000
1,280,TA,TA,Y,5,2009,WD,Normal,132500
2,528,TA,TA,Y,6,2010,WD,Normal,143000
2,390,TA,TA,N,6,2006,WD,Normal,190000
2,499,TA,TA,Y,10,2009,WD,Normal,278000
3,753,TA,TA,Y,10,2006,New,Partial,281000
2,484,TA,TA,Y,4,2010,WD,Normal,180500
1,264,TA,TA,Y,2,2009,WD,Normal,119500
1,432,TA,TA,Y,12,2009,WD,Normal,107500
2,528,TA,TA,Y,3,2006,WD,Normal,162900
2,572,TA,TA,N,4,2006,WD,Normal,115000
1,288,TA,TA,Y,11,2006,WD,Normal,138500
2,525,TA,TA,Y,12,2008,WD,Normal,155000
2,525,TA,TA,Y,6,2006,New,Partial,140000
2,1418,TA,TA,Y,1,2008,New,Partial,160000
1,305,TA,TA,Y,5,2010,WD,Normal,154000
2,490,TA,TA,Y,5,2009,WD,Normal,225000
1,213,TA,TA,P,11,2009,WD,Normal,177500
3,844,TA,TA,Y,12,2006,WD,Normal,290000
3,834,TA,TA,Y,4,2006,WD,Normal,232000
2,380,TA,TA,Y,4,2006,WD,Normal,130000
2,840,TA,TA,Y,11,2009,WD,Normal,325000
2,474,TA,TA,Y,9,2006,New,Partial,202500
2,480,TA,TA,Y,5,2009,WD,Normal,138000
2,528,TA,TA,Y,5,2008,WD,Normal,147000
2,496,TA,TA,Y,6,2008,WD,Normal,179200
2,567,TA,TA,Y,5,2010,WD,Normal,335000
2,508,TA,TA,Y,1,2007,New,Partial,203000
2,750,Gd,Gd,Y,6,2007,WD,Normal,302000
3,779,TA,TA,Y,5,2010,WD,Normal,333168
1,280,TA,TA,Y,10,2007,WD,Normal,119000
2,576,TA,TA,Y,6,2008,WD,Normal,206900
3,860,TA,TA,Y,1,2009,WD,Normal,295493
2,466,TA,TA,Y,4,2007,New,Partial,208900
3,748,TA,TA,Y,8,2006,WD,Normal,275000
1,248,TA,TA,Y,2,2007,WD,Normal,111000
2,442,TA,TA,Y,6,2009,WD,Normal,156500
2,564,TA,TA,Y,6,2010,WD,Normal,190000
3,895,TA,TA,Y,2,2007,New,Partial,147000
1,264,TA,TA,Y,10,2008,WD,Normal,130500
2,520,Fa,TA,Y,6,2008,WD,Normal,256000
2,462,TA,TA,Y,6,2006,WD,Normal,176500
3,825,TA,TA,Y,12,2007,WD,Normal,227000
2,576,TA,TA,Y,7,2006,WD,Normal,132500
1,288,Fa,Fa,Y,5,2009,WD,Normal,100000
1,297,TA,TA,Y,7,2006,WD,Normal,125500
2,440,TA,TA,Y,5,2009,WD,Normal,125000
2,630,TA,TA,Y,4,2009,WD,Normal,167900
2,506,TA,TA,Y,11,2008,WD,Normal,135000
2,492,TA,TA,Y,6,2006,WD,Normal,200000
1,288,TA,TA,Y,6,2006,WD,Normal,128500
4,480,TA,TA,Y,6,2007,WD,Normal,123000
2,576,TA,TA,Y,7,2008,WD,Normal,155000
2,647,TA,TA,Y,8,2007,WD,Normal,228500
2,342,Fa,Fa,Y,3,2009,WD,Normal,177000
2,440,TA,TA,Y,7,2007,New,Partial,155835
1,308,TA,TA,Y,7,2007,WD,Normal,108500
2,508,Gd,TA,Y,6,2006,WD,Normal,262500
3,712,TA,TA,Y,5,2007,New,Partial,283463
2,514,TA,TA,Y,8,2007,WD,Normal,215000
4,968,TA,TA,Y,8,2009,WD,Normal,200000
2,490,TA,TA,Y,3,2008,WD,Normal,171000
2,624,TA,TA,N,7,2009,WD,Normal,134900
3,666,TA,TA,Y,3,2010,WD,Normal,410000
3,839,TA,TA,Y,6,2008,WD,Normal,235000
2,487,TA,TA,Y,9,2006,WD,Normal,170000
1,264,TA,TA,Y,10,2008,WD,Normal,110000
2,500,TA,TA,Y,4,2010,WD,Normal,149900
2,440,TA,TA,Y,6,2010,WD,Normal,177500
3,770,TA,TA,Y,9,2006,WD,Normal,315000
2,621,TA,TA,Y,5,2008,WD,Normal,189000
2,430,TA,TA,Y,6,2009,WD,Normal,260000
1,368,TA,TA,Y,6,2009,WD,Normal,104900
2,432,TA,TA,Y,3,2007,New,Partial,156932
2,480,TA,TA,Y,4,2006,WD,Abnorml,144152
2,663,TA,TA,Y,1,2010,WD,Normal,216000
2,588,TA,TA,Y,6,2008,WD,Abnorml,193000
1,336,TA,TA,Y,7,2006,WD,Normal,127000
2,420,TA,TA,Y,6,2009,WD,Normal,144000
2,502,TA,TA,Y,5,2010,WD,Normal,232000
1,338,TA,TA,Y,10,2009,WD,Normal,105000
1,377,TA,TA,Y,10,2008,WD,Normal,165500
2,583,TA,TA,Y,6,2006,WD,Normal,274300
3,804,TA,TA,Y,3,2007,WD,Normal,466500
3,936,TA,TA,Y,7,2008,WD,Normal,250000
3,722,TA,TA,Y,12,2007,New,Partial,239000
1,160,Fa,TA,Y,4,2008,WD,Normal,91000
2,660,TA,TA,Y,7,2009,WD,Normal,117000
1,264,TA,TA,Y,6,2006,WD,Normal,83000
1,200,TA,Fa,Y,6,2010,WD,Normal,58500
2,550,TA,TA,Y,5,2008,WD,Normal,237500
2,576,TA,TA,N,10,2006,WD,Normal,157000
2,576,TA,TA,N,8,2007,WD,Normal,112000
1,280,TA,TA,P,10,2009,WD,Normal,105000
1,240,TA,TA,N,5,2010,WD,Normal,125500
2,564,TA,TA,Y,7,2006,WD,Normal,250000
1,216,TA,TA,Y,8,2007,CWD,Family,136000
3,758,TA,TA,Y,10,2009,WD,Normal,377500
2,440,TA,TA,Y,3,2007,WD,Normal,131000
2,541,TA,TA,Y,9,2006,WD,Normal,235000
3,792,TA,TA,Y,4,2009,WD,Normal,124000
1,288,TA,TA,Y,12,2006,WD,Normal,123000
2,672,Gd,TA,Y,4,2008,WD,Normal,163000
3,648,TA,TA,Y,10,2006,New,Partial,246578
3,642,TA,TA,Y,2,2007,WD,Normal,281213
2,572,TA,TA,N,6,2010,WD,Normal,160000
1,180,Fa,Fa,N,5,2007,WD,Normal,137500
1,240,TA,TA,Y,5,2009,WD,Normal,138000
1,216,Fa,TA,Y,10,2009,WD,Normal,137450
1,208,TA,TA,Y,7,2008,WD,Normal,120000
2,398,TA,TA,Y,4,2008,WD,Normal,193000
2,662,TA,TA,Y,7,2006,New,Partial,193879
3,754,TA,TA,Y,8,2007,WD,Normal,282922
3,936,TA,TA,Y,1,2006,WD,Family,105000
2,482,TA,TA,Y,1,2008,WD,Normal,275000
2,396,TA,TA,Y,3,2009,WD,Normal,133000
2,528,TA,TA,Y,6,2010,WD,Normal,125500
2,542,TA,TA,Y,11,2008,WD,Normal,215000
2,622,TA,TA,Y,6,2009,WD,Normal,230000
1,271,TA,TA,Y,9,2009,WD,Normal,140000
2,620,TA,TA,Y,9,2009,COD,Abnorml,257000
2,370,TA,TA,N,6,2008,WD,Normal,207000
3,660,TA,TA,Y,5,2009,WD,Normal,175900
2,560,TA,TA,N,4,2010,WD,Normal,122500
3,1069,TA,TA,Y,5,2009,WD,Normal,340000
1,336,TA,TA,Y,8,2008,COD,Normal,124000
2,540,TA,TA,Y,12,2006,WD,Normal,223000
2,776,TA,TA,Y,5,2006,WD,Normal,179900
2,440,TA,TA,Y,7,2010,WD,Normal,127500
2,420,TA,TA,Y,3,2008,WD,Normal,136500
2,432,Gd,Gd,Y,8,2006,WD,Alloca,274970
1,484,TA,TA,Y,6,2007,WD,Normal,144000
2,528,TA,TA,Y,10,2008,WD,Normal,142000
2,525,TA,TA,Y,8,2008,WD,Normal,271000
1,288,TA,TA,Y,4,2008,WD,Normal,140000
1,240,TA,TA,Y,2,2010,WD,Abnorml,119000
2,467,TA,TA,Y,4,2007,WD,Normal,182900
2,372,TA,TA,Y,7,2006,WD,Normal,192140
2,440,TA,TA,Y,10,2009,WD,Normal,143750
1,216,Fa,Fa,Y,8,2007,WD,Normal,64500
2,451,TA,TA,Y,5,2008,WD,Normal,186500
2,484,TA,TA,P,5,2006,WD,Normal,160000
2,462,TA,TA,Y,7,2008,COD,Abnorml,174000
2,528,TA,TA,Y,5,2007,WD,Normal,120500
3,774,TA,TA,Y,11,2008,New,Partial,394617
2,923,TA,TA,Y,4,2010,WD,Normal,149700
2,550,TA,TA,Y,11,2007,WD,Normal,197000
2,672,TA,TA,Y,9,2008,WD,Normal,191000
2,420,TA,TA,Y,5,2008,WD,Normal,149300
3,812,TA,TA,Y,4,2009,WD,Normal,310000
1,192,Fa,Po,P,5,2009,WD,Normal,121000
2,626,TA,TA,Y,11,2007,WD,Normal,179600
1,240,TA,TA,Y,5,2007,WD,Normal,129000
1,312,TA,TA,P,4,2010,WD,Normal,157900
2,556,TA,TA,Y,12,2007,WD,Normal,240000
1,384,Fa,TA,Y,5,2007,WD,Normal,112000
3,840,TA,TA,Y,5,2009,New,Partial,287090
2,525,TA,TA,Y,5,2006,WD,Normal,145000
2,400,TA,TA,Y,10,2009,WD,Normal,185000
2,460,TA,TA,Y,8,2007,WD,Normal,175000
2,500,TA,TA,Y,2,2010,WD,Normal,210000
1,252,TA,TA,Y,5,2010,WD,Normal,266500
1,240,TA,TA,Y,4,2010,WD,Normal,142125
1,276,TA,TA,Y,6,2008,WD,Normal,147500